Category,Use case,Search intent / query,Recommended source priority,Unsplash search,Pexels search,Adobe Stock search,Stocksy search,Selection notes,Reject if it shows
Hero Architecture,Website hero / pitch cover,contemporary concrete architecture city mountains dusk,Unsplash → Adobe Stock → Stocksy,https://unsplash.com/s/photos/contemporary%20concrete%20architecture%20city%20mountains%20dusk,https://www.pexels.com/search/contemporary%20concrete%20architecture%20city%20mountains%20dusk/,https://stock.adobe.com/search?k=contemporary%20concrete%20architecture%20city%20mountains%20dusk,https://www.stocksy.com/search?text=contemporary%20concrete%20architecture%20city%20mountains%20dusk,"Architectural framing, dusk light, city horizon, strong negative space. Best if one side can hold headline copy.","maps, globes, handshakes, obvious corporate stock"
Hero Architecture,Website hero / mobile crop,architectural corridor city skyline dusk,Unsplash → Adobe Stock → Stocksy,https://unsplash.com/s/photos/architectural%20corridor%20city%20skyline%20dusk,https://www.pexels.com/search/architectural%20corridor%20city%20skyline%20dusk/,https://stock.adobe.com/search?k=architectural%20corridor%20city%20skyline%20dusk,https://www.stocksy.com/search?text=architectural%20corridor%20city%20skyline%20dusk,Look for passageway or opening that creates forward movement without arrows.,"maps, globes, handshakes, obvious corporate stock"
Hero Architecture,Deck cover / section opener,modern architecture frame mountain city,Unsplash → Adobe Stock → Stocksy,https://unsplash.com/s/photos/modern%20architecture%20frame%20mountain%20city,https://www.pexels.com/search/modern%20architecture%20frame%20mountain%20city/,https://stock.adobe.com/search?k=modern%20architecture%20frame%20mountain%20city,https://www.stocksy.com/search?text=modern%20architecture%20frame%20mountain%20city,Needs strong crop potential and a sophisticated urban + natural context.,"maps, globes, handshakes, obvious corporate stock"
Hero Architecture,Report cover,brutalist architecture warm light concrete,Unsplash → Adobe Stock → Stocksy,https://unsplash.com/s/photos/brutalist%20architecture%20warm%20light%20concrete,https://www.pexels.com/search/brutalist%20architecture%20warm%20light%20concrete/,https://stock.adobe.com/search?k=brutalist%20architecture%20warm%20light%20concrete,https://www.stocksy.com/search?text=brutalist%20architecture%20warm%20light%20concrete,Use concrete/stone forms with warm light; avoid cold institutional buildings.,"maps, globes, handshakes, obvious corporate stock"
Hero Architecture,LinkedIn banner,museum architecture curved concrete dusk,Unsplash → Adobe Stock → Stocksy,https://unsplash.com/s/photos/museum%20architecture%20curved%20concrete%20dusk,https://www.pexels.com/search/museum%20architecture%20curved%20concrete%20dusk/,https://stock.adobe.com/search?k=museum%20architecture%20curved%20concrete%20dusk,https://www.stocksy.com/search?text=museum%20architecture%20curved%20concrete%20dusk,Curved forms echo Lurio graphic language; suitable for banners and section dividers.,"maps, globes, handshakes, obvious corporate stock"
Colombia / LATAM Context,Website country context,Bogota skyline mountains dusk,Unsplash → Adobe Stock → Stocksy,https://unsplash.com/s/photos/Bogota%20skyline%20mountains%20dusk,https://www.pexels.com/search/Bogota%20skyline%20mountains%20dusk/,https://stock.adobe.com/search?k=Bogota%20skyline%20mountains%20dusk,https://www.stocksy.com/search?text=Bogota%20skyline%20mountains%20dusk,"Use subtle business context, not tourism. Prefer mountain + city depth.","maps, globes, handshakes, obvious corporate stock"
Colombia / LATAM Context,Website / report background,Medellin skyline mountains sunset,Unsplash → Adobe Stock → Stocksy,https://unsplash.com/s/photos/Medellin%20skyline%20mountains%20sunset,https://www.pexels.com/search/Medellin%20skyline%20mountains%20sunset/,https://stock.adobe.com/search?k=Medellin%20skyline%20mountains%20sunset,https://www.stocksy.com/search?text=Medellin%20skyline%20mountains%20sunset,Good for Colombia context if crop feels modern and elevated.,"maps, globes, handshakes, obvious corporate stock"
Colombia / LATAM Context,Regional ambition / insights,Latin America city mountains dusk,Unsplash → Adobe Stock → Stocksy,https://unsplash.com/s/photos/Latin%20America%20city%20mountains%20dusk,https://www.pexels.com/search/Latin%20America%20city%20mountains%20dusk/,https://stock.adobe.com/search?k=Latin%20America%20city%20mountains%20dusk,https://www.stocksy.com/search?text=Latin%20America%20city%20mountains%20dusk,Use as LATAM context only when not implying full regional operations.,"maps, globes, handshakes, obvious corporate stock"
Colombia / LATAM Context,Cali / founder context,Cali Colombia skyline mountains,Unsplash → Adobe Stock → Stocksy,https://unsplash.com/s/photos/Cali%20Colombia%20skyline%20mountains,https://www.pexels.com/search/Cali%20Colombia%20skyline%20mountains/,https://stock.adobe.com/search?k=Cali%20Colombia%20skyline%20mountains,https://www.stocksy.com/search?text=Cali%20Colombia%20skyline%20mountains,Only if visually premium; avoid low-quality travel imagery.,"maps, globes, handshakes, obvious corporate stock"
Colombia / LATAM Context,Infrastructure / market context,Colombia business district modern architecture,Unsplash → Adobe Stock → Stocksy,https://unsplash.com/s/photos/Colombia%20business%20district%20modern%20architecture,https://www.pexels.com/search/Colombia%20business%20district%20modern%20architecture/,https://stock.adobe.com/search?k=Colombia%20business%20district%20modern%20architecture,https://www.stocksy.com/search?text=Colombia%20business%20district%20modern%20architecture,Useful for Insights or market outlook sections.,"maps, globes, handshakes, obvious corporate stock"
Business Conversations,About / client proximity,executive meeting natural light documents,Unsplash → Adobe Stock → Stocksy,https://unsplash.com/s/photos/executive%20meeting%20natural%20light%20documents,https://www.pexels.com/search/executive%20meeting%20natural%20light%20documents/,https://stock.adobe.com/search?k=executive%20meeting%20natural%20light%20documents,https://www.stocksy.com/search?text=executive%20meeting%20natural%20light%20documents,"Authentic conversation, real documents, natural light, not smiling laptop stock.","maps, globes, handshakes, obvious corporate stock"
Business Conversations,Sales deck / advisor role,business conversation editorial office,Unsplash → Adobe Stock → Stocksy,https://unsplash.com/s/photos/business%20conversation%20editorial%20office,https://www.pexels.com/search/business%20conversation%20editorial%20office/,https://stock.adobe.com/search?k=business%20conversation%20editorial%20office,https://www.stocksy.com/search?text=business%20conversation%20editorial%20office,"Editorial crop, two or three people, sober styling.","maps, globes, handshakes, obvious corporate stock"
Business Conversations,Proposal / assessment page,professional team strategy meeting close-up,Unsplash → Adobe Stock → Stocksy,https://unsplash.com/s/photos/professional%20team%20strategy%20meeting%20close-up,https://www.pexels.com/search/professional%20team%20strategy%20meeting%20close-up/,https://stock.adobe.com/search?k=professional%20team%20strategy%20meeting%20close-up,https://www.stocksy.com/search?text=professional%20team%20strategy%20meeting%20close-up,"Hands, papers, decision moment; use tight crop.","maps, globes, handshakes, obvious corporate stock"
Business Conversations,Report / decision memo,hands documents strategy meeting,Unsplash → Adobe Stock → Stocksy,https://unsplash.com/s/photos/hands%20documents%20strategy%20meeting,https://www.pexels.com/search/hands%20documents%20strategy%20meeting/,https://stock.adobe.com/search?k=hands%20documents%20strategy%20meeting,https://www.stocksy.com/search?text=hands%20documents%20strategy%20meeting,Close-up with papers or notebook; no generic tablet-only imagery.,"maps, globes, handshakes, obvious corporate stock"
Business Conversations,Founder / leadership section,female executive conversation natural light,Unsplash → Adobe Stock → Stocksy,https://unsplash.com/s/photos/female%20executive%20conversation%20natural%20light,https://www.pexels.com/search/female%20executive%20conversation%20natural%20light/,https://stock.adobe.com/search?k=female%20executive%20conversation%20natural%20light,https://www.stocksy.com/search?text=female%20executive%20conversation%20natural%20light,Use respectfully; do not over-stage. Good for approachability.,"maps, globes, handshakes, obvious corporate stock"
Business Conversations,Team / client meeting,diverse executives discussing strategy,Unsplash → Adobe Stock → Stocksy,https://unsplash.com/s/photos/diverse%20executives%20discussing%20strategy,https://www.pexels.com/search/diverse%20executives%20discussing%20strategy/,https://stock.adobe.com/search?k=diverse%20executives%20discussing%20strategy,https://www.stocksy.com/search?text=diverse%20executives%20discussing%20strategy,"Only if it feels real and premium, not stock-boardroom.","maps, globes, handshakes, obvious corporate stock"
Business Conversations,Website supporting image,modern office table papers sunlight,Unsplash → Adobe Stock → Stocksy,https://unsplash.com/s/photos/modern%20office%20table%20papers%20sunlight,https://www.pexels.com/search/modern%20office%20table%20papers%20sunlight/,https://stock.adobe.com/search?k=modern%20office%20table%20papers%20sunlight,https://www.stocksy.com/search?text=modern%20office%20table%20papers%20sunlight,Quiet documentary feel; useful behind text overlays.,"maps, globes, handshakes, obvious corporate stock"
Business Conversations,Contact / CTA,business people walking through corridor,Unsplash → Adobe Stock → Stocksy,https://unsplash.com/s/photos/business%20people%20walking%20through%20corridor,https://www.pexels.com/search/business%20people%20walking%20through%20corridor/,https://stock.adobe.com/search?k=business%20people%20walking%20through%20corridor,https://www.stocksy.com/search?text=business%20people%20walking%20through%20corridor,"Subtle movement, no handshake, no crowd.","maps, globes, handshakes, obvious corporate stock"
Industry / Operations,Industrial B2B examples,industrial site inspection executives,Unsplash → Adobe Stock → Stocksy,https://unsplash.com/s/photos/industrial%20site%20inspection%20executives,https://www.pexels.com/search/industrial%20site%20inspection%20executives/,https://stock.adobe.com/search?k=industrial%20site%20inspection%20executives,https://www.stocksy.com/search?text=industrial%20site%20inspection%20executives,Useful for B2B/industrial vertical materials; safety gear okay if authentic.,"maps, globes, handshakes, obvious corporate stock"
Industry / Operations,Energy / infrastructure pitch,field engineer discussion site,Unsplash → Adobe Stock → Stocksy,https://unsplash.com/s/photos/field%20engineer%20discussion%20site,https://www.pexels.com/search/field%20engineer%20discussion%20site/,https://stock.adobe.com/search?k=field%20engineer%20discussion%20site,https://www.stocksy.com/search?text=field%20engineer%20discussion%20site,Show advisory/operational context without becoming staffing imagery.,"maps, globes, handshakes, obvious corporate stock"
Industry / Operations,Launch management / operations,infrastructure project management meeting,Unsplash → Adobe Stock → Stocksy,https://unsplash.com/s/photos/infrastructure%20project%20management%20meeting,https://www.pexels.com/search/infrastructure%20project%20management%20meeting/,https://stock.adobe.com/search?k=infrastructure%20project%20management%20meeting,https://www.stocksy.com/search?text=infrastructure%20project%20management%20meeting,Good for launch/workstream slides.,"maps, globes, handshakes, obvious corporate stock"
Industry / Operations,Logistics / operating model,logistics warehouse manager discussion,Unsplash → Adobe Stock → Stocksy,https://unsplash.com/s/photos/logistics%20warehouse%20manager%20discussion,https://www.pexels.com/search/logistics%20warehouse%20manager%20discussion/,https://stock.adobe.com/search?k=logistics%20warehouse%20manager%20discussion,https://www.stocksy.com/search?text=logistics%20warehouse%20manager%20discussion,Use sparingly to signal real operations.,"maps, globes, handshakes, obvious corporate stock"
Industry / Operations,Energy / industrial report,energy infrastructure engineer meeting,Unsplash → Adobe Stock → Stocksy,https://unsplash.com/s/photos/energy%20infrastructure%20engineer%20meeting,https://www.pexels.com/search/energy%20infrastructure%20engineer%20meeting/,https://stock.adobe.com/search?k=energy%20infrastructure%20engineer%20meeting,https://www.stocksy.com/search?text=energy%20infrastructure%20engineer%20meeting,Avoid dramatic oil/gas clichés; look for professional technical conversation.,"maps, globes, handshakes, obvious corporate stock"
Industry / Operations,Field execution support,equipment installation technician business,Unsplash → Adobe Stock → Stocksy,https://unsplash.com/s/photos/equipment%20installation%20technician%20business,https://www.pexels.com/search/equipment%20installation%20technician%20business/,https://stock.adobe.com/search?k=equipment%20installation%20technician%20business,https://www.stocksy.com/search?text=equipment%20installation%20technician%20business,Use when discussing local execution and specialist coordination.,"maps, globes, handshakes, obvious corporate stock"
Industry / Operations,Operations visibility,control room operations manager discussion,Unsplash → Adobe Stock → Stocksy,https://unsplash.com/s/photos/control%20room%20operations%20manager%20discussion,https://www.pexels.com/search/control%20room%20operations%20manager%20discussion/,https://stock.adobe.com/search?k=control%20room%20operations%20manager%20discussion,https://www.stocksy.com/search?text=control%20room%20operations%20manager%20discussion,Good for reporting/control theme if not too tech-heavy.,"maps, globes, handshakes, obvious corporate stock"
Industry / Operations,Ports / trade context,port logistics Latin America,Unsplash → Adobe Stock → Stocksy,https://unsplash.com/s/photos/port%20logistics%20Latin%20America,https://www.pexels.com/search/port%20logistics%20Latin%20America/,https://stock.adobe.com/search?k=port%20logistics%20Latin%20America,https://www.stocksy.com/search?text=port%20logistics%20Latin%20America,Use only when relevant; avoid implying import/export as core service for all clients.,"maps, globes, handshakes, obvious corporate stock"
Textures / Details,Section dividers / backgrounds,soft stone texture editorial,Unsplash → Adobe Stock → Stocksy,https://unsplash.com/s/photos/soft%20stone%20texture%20editorial,https://www.pexels.com/search/soft%20stone%20texture%20editorial/,https://stock.adobe.com/search?k=soft%20stone%20texture%20editorial,https://www.stocksy.com/search?text=soft%20stone%20texture%20editorial,"Warm, premium texture; use low contrast under text.","maps, globes, handshakes, obvious corporate stock"
Textures / Details,Graphic language / crops,concrete curved architecture detail,Unsplash → Adobe Stock → Stocksy,https://unsplash.com/s/photos/concrete%20curved%20architecture%20detail,https://www.pexels.com/search/concrete%20curved%20architecture%20detail/,https://stock.adobe.com/search?k=concrete%20curved%20architecture%20detail,https://www.stocksy.com/search?text=concrete%20curved%20architecture%20detail,Matches Amethyst & Ink curved forms.,"maps, globes, handshakes, obvious corporate stock"
Textures / Details,Detail / warmth,botanical leaves dark editorial,Unsplash → Adobe Stock → Stocksy,https://unsplash.com/s/photos/botanical%20leaves%20dark%20editorial,https://www.pexels.com/search/botanical%20leaves%20dark%20editorial/,https://stock.adobe.com/search?k=botanical%20leaves%20dark%20editorial,https://www.stocksy.com/search?text=botanical%20leaves%20dark%20editorial,"Use as subtle human/local texture, not tropical cliché.","maps, globes, handshakes, obvious corporate stock"
Textures / Details,Proposal / report background,warm office paper texture,Unsplash → Adobe Stock → Stocksy,https://unsplash.com/s/photos/warm%20office%20paper%20texture,https://www.pexels.com/search/warm%20office%20paper%20texture/,https://stock.adobe.com/search?k=warm%20office%20paper%20texture,https://www.stocksy.com/search?text=warm%20office%20paper%20texture,Useful for editorial report covers and proposal sections.,"maps, globes, handshakes, obvious corporate stock"
Textures / Details,Hero overlay / backgrounds,abstract architectural shadow curve,Unsplash → Adobe Stock → Stocksy,https://unsplash.com/s/photos/abstract%20architectural%20shadow%20curve,https://www.pexels.com/search/abstract%20architectural%20shadow%20curve/,https://stock.adobe.com/search?k=abstract%20architectural%20shadow%20curve,https://www.stocksy.com/search?text=abstract%20architectural%20shadow%20curve,Can replace actual photography for refined section openers.,"maps, globes, handshakes, obvious corporate stock"
Textures / Details,Market intelligence cover,minimal architectural shadow wall,Unsplash → Adobe Stock → Stocksy,https://unsplash.com/s/photos/minimal%20architectural%20shadow%20wall,https://www.pexels.com/search/minimal%20architectural%20shadow%20wall/,https://stock.adobe.com/search?k=minimal%20architectural%20shadow%20wall,https://www.stocksy.com/search?text=minimal%20architectural%20shadow%20wall,Good for sober thought leadership pieces.,"maps, globes, handshakes, obvious corporate stock"
Reports / Data / Intelligence,Market Intelligence page,market research documents desk,Unsplash → Adobe Stock → Stocksy,https://unsplash.com/s/photos/market%20research%20documents%20desk,https://www.pexels.com/search/market%20research%20documents%20desk/,https://stock.adobe.com/search?k=market%20research%20documents%20desk,https://www.stocksy.com/search?text=market%20research%20documents%20desk,"Should feel executive and practical, not academic.","maps, globes, handshakes, obvious corporate stock"
Reports / Data / Intelligence,Executive update / visibility,data analytics executive report table laptop,Unsplash → Adobe Stock → Stocksy,https://unsplash.com/s/photos/data%20analytics%20executive%20report%20table%20laptop,https://www.pexels.com/search/data%20analytics%20executive%20report%20table%20laptop/,https://stock.adobe.com/search?k=data%20analytics%20executive%20report%20table%20laptop,https://www.stocksy.com/search?text=data%20analytics%20executive%20report%20table%20laptop,Use when discussing reporting; avoid dashboard cliché.,"maps, globes, handshakes, obvious corporate stock"
Reports / Data / Intelligence,Proposal / assessment process,consulting report presentation meeting,Unsplash → Adobe Stock → Stocksy,https://unsplash.com/s/photos/consulting%20report%20presentation%20meeting,https://www.pexels.com/search/consulting%20report%20presentation%20meeting/,https://stock.adobe.com/search?k=consulting%20report%20presentation%20meeting,https://www.stocksy.com/search?text=consulting%20report%20presentation%20meeting,"Use only if image feels editorial, not Big Four stock.","maps, globes, handshakes, obvious corporate stock"
Reports / Data / Intelligence,Insight article cover,business strategy notebook city view,Unsplash → Adobe Stock → Stocksy,https://unsplash.com/s/photos/business%20strategy%20notebook%20city%20view,https://www.pexels.com/search/business%20strategy%20notebook%20city%20view/,https://stock.adobe.com/search?k=business%20strategy%20notebook%20city%20view,https://www.stocksy.com/search?text=business%20strategy%20notebook%20city%20view,Good for thought leadership cards.,"maps, globes, handshakes, obvious corporate stock"
Reports / Data / Intelligence,Monthly report / update,executive report document close up,Unsplash → Adobe Stock → Stocksy,https://unsplash.com/s/photos/executive%20report%20document%20close%20up,https://www.pexels.com/search/executive%20report%20document%20close%20up/,https://stock.adobe.com/search?k=executive%20report%20document%20close%20up,https://www.stocksy.com/search?text=executive%20report%20document%20close%20up,"Close crops of reports, annotations, and next steps.","maps, globes, handshakes, obvious corporate stock"
LinkedIn / Thought Leadership,Post cover,modern architecture abstract purple light,Unsplash → Adobe Stock → Stocksy,https://unsplash.com/s/photos/modern%20architecture%20abstract%20purple%20light,https://www.pexels.com/search/modern%20architecture%20abstract%20purple%20light/,https://stock.adobe.com/search?k=modern%20architecture%20abstract%20purple%20light,https://www.stocksy.com/search?text=modern%20architecture%20abstract%20purple%20light,Use as on-brand editorial cover image.,"maps, globes, handshakes, obvious corporate stock"
LinkedIn / Thought Leadership,Article cover,city skyline mountains editorial dusk,Unsplash → Adobe Stock → Stocksy,https://unsplash.com/s/photos/city%20skyline%20mountains%20editorial%20dusk,https://www.pexels.com/search/city%20skyline%20mountains%20editorial%20dusk/,https://stock.adobe.com/search?k=city%20skyline%20mountains%20editorial%20dusk,https://www.stocksy.com/search?text=city%20skyline%20mountains%20editorial%20dusk,Good for market outlook and Colombia content.,"maps, globes, handshakes, obvious corporate stock"
LinkedIn / Thought Leadership,Carousel background,curved concrete wall shadow,Unsplash → Adobe Stock → Stocksy,https://unsplash.com/s/photos/curved%20concrete%20wall%20shadow,https://www.pexels.com/search/curved%20concrete%20wall%20shadow/,https://stock.adobe.com/search?k=curved%20concrete%20wall%20shadow,https://www.stocksy.com/search?text=curved%20concrete%20wall%20shadow,Use behind short copy; must have negative space.,"maps, globes, handshakes, obvious corporate stock"
LinkedIn / Thought Leadership,Founder post,business notebook meeting editorial,Unsplash → Adobe Stock → Stocksy,https://unsplash.com/s/photos/business%20notebook%20meeting%20editorial,https://www.pexels.com/search/business%20notebook%20meeting%20editorial/,https://stock.adobe.com/search?k=business%20notebook%20meeting%20editorial,https://www.stocksy.com/search?text=business%20notebook%20meeting%20editorial,Human but not salesy.,"maps, globes, handshakes, obvious corporate stock"